symbol,open,low,high,close,volume,fvolume,formatted_date
PETR4,10.19,10.12,10.25,10.25,37774500,385684057.66,02/01/2020
PETR4,10.31,10.17,10.43,10.17,71595600,736250197.39,03/01/2020
PETR4,10.16,10.0,10.33,10.29,81844000,839551887.63,06/01/2020
PETR4,10.29,10.18,10.31,10.25,32822000,336032590.17,07/01/2020
PETR4,10.25,10.1,10.28,10.19,48215600,490914851.71,08/01/2020
PETR4,10.18,10.1,10.23,10.15,36102700,366823274.41,09/01/2020
PETR4,10.15,10.06,10.17,10.11,25397500,257108580.0,10/01/2020
PETR4,10.14,10.09,10.16,10.13,30676800,310740539.85,13/01/2020
PETR4,10.1,9.94,10.11,10.02,39796500,398610619.67,14/01/2020
PETR4,9.99,9.87,10.0,9.87,34405700,341032379.73,15/01/2020
PETR4,9.89,9.8,9.92,9.86,28997400,285555264.11,16/01/2020
PETR4,9.93,9.87,9.97,9.97,34908000,346133366.56,17/01/2020
PETR4,9.92,9.9,10.05,10.02,31241400,312755520.15,20/01/2020
PETR4,9.95,9.87,10.0,9.89,28577400,283237924.05,21/01/2020
PETR4,9.93,9.78,9.96,9.78,32491500,319596643.64,22/01/2020
PETR4,9.72,9.63,9.94,9.89,53752100,527258537.07,23/01/2020
PETR4,9.87,9.73,9.95,9.79,36898700,362086051.37,24/01/2020
PETR4,9.56,9.24,9.57,9.36,66105300,622556749.05,27/01/2020
PETR4,9.5,9.49,9.73,9.62,47259100,454904813.94,28/01/2020
PETR4,9.69,9.58,9.71,9.64,42297500,407833512.87,29/01/2020
PETR4,9.45,9.41,9.7,9.67,44266800,422191813.24,30/01/2020
PETR4,9.56,9.46,9.63,9.5,55446700,527428398.0,31/01/2020
PETR4,9.53,9.41,9.6,9.41,39452800,373944119.13,03/02/2020
PETR4,9.57,9.54,9.7,9.56,57656900,553984472.64,04/02/2020
PETR4,9.7,9.48,9.76,9.48,67994500,652794266.13,05/02/2020
PETR4,9.59,9.39,9.86,9.75,126114000,1221469666.06,06/02/2020
PETR4,9.69,9.6,9.8,9.66,54514600,529569440.14,07/02/2020
PETR4,9.65,9.57,9.73,9.73,45328100,437916902.61,10/02/2020
PETR4,9.82,9.77,9.9,9.85,37518200,369449738.17,11/02/2020
PETR4,9.9,9.9,10.11,10.06,64851000,650880424.66,12/02/2020
PETR4,9.94,9.9,10.09,9.93,55277100,550408946.75,13/02/2020
PETR4,9.97,9.8,10.01,9.83,30399900,300846756.73,14/02/2020
PETR4,9.9,9.79,9.94,9.81,38684900,380815036.52,17/02/2020
PETR4,9.71,9.67,9.94,9.94,33890900,332520147.63,18/02/2020
PETR4,9.98,9.94,10.2,10.2,44181800,445595525.22,19/02/2020
PETR4,10.29,9.94,10.32,9.99,73522900,740541076.61,20/02/2020
PETR4,9.86,9.7,9.91,9.73,47805100,467425392.81,21/02/2020
PETR4,9.03,8.69,9.15,8.75,89207100,795714074.7,26/02/2020
PETR4,8.59,8.31,8.86,8.45,100109900,857352427.86,27/02/2020
PETR4,8.4,8.22,8.54,8.46,89095300,744918438.86,28/02/2020
PETR4,8.52,8.51,8.93,8.86,71596400,626538721.32,02/03/2020
PETR4,8.87,8.6,9.18,8.7,86855700,771995931.56,03/03/2020
PETR4,8.99,8.76,9.0,8.98,42320500,377043251.47,04/03/2020
PETR4,8.79,8.25,8.91,8.45,69722300,601844308.24,05/03/2020
PETR4,8.05,7.53,8.06,7.62,138597600,1074378166.26,06/03/2020
PETR4,5.95,5.15,6.09,5.36,254813800,1449268970.51,09/03/2020
PETR4,6.23,5.47,6.23,5.86,170478000,990666460.17,10/03/2020
PETR4,5.58,5.01,5.72,5.29,132482400,711406248.34,11/03/2020
PETR4,4.56,3.7,4.63,4.21,151535900,636574068.75,12/03/2020
PETR4,5.04,4.24,5.14,5.14,174972600,813532257.94,13/03/2020
PETR4,4.31,4.19,4.71,4.37,126432800,562490684.23,16/03/2020
PETR4,4.54,4.34,4.62,4.34,149228500,662390949.51,17/03/2020
PETR4,3.94,3.63,4.1,3.77,162515200,619409186.17,18/03/2020
PETR4,3.7,3.62,4.37,4.08,157065200,627620564.14,19/03/2020
PETR4,4.38,3.95,4.51,4.01,149029900,631086583.75,20/03/2020
PETR4,4.04,3.77,4.07,3.84,107092400,415323940.5,23/03/2020
PETR4,4.2,4.1,4.52,4.43,114259200,493494946.99,24/03/2020
PETR4,4.42,4.29,4.94,4.78,158286200,731600650.06,25/03/2020
PETR4,4.81,4.61,5.07,4.81,130618400,633633742.61,26/03/2020
PETR4,4.44,4.43,4.57,4.44,101405900,454943145.96,27/03/2020
PETR4,4.39,4.29,4.59,4.47,110947200,493252052.14,30/03/2020
PETR4,4.54,4.54,4.86,4.67,156116500,731973963.96,31/03/2020
PETR4,4.49,4.45,4.86,4.78,114455000,535995437.51,01/04/2020
PETR4,5.14,5.01,5.53,5.18,234951200,1243291447.09,02/04/2020
PETR4,5.44,4.99,5.46,5.12,142898700,735923277.69,03/04/2020
PETR4,5.36,5.07,5.38,5.27,123934200,649826803.99,06/04/2020
PETR4,5.55,5.46,5.7,5.48,140498900,784281380.52,07/04/2020
PETR4,5.51,5.48,5.85,5.78,116151600,657731195.11,08/04/2020
PETR4,5.99,5.51,6.24,5.62,185771300,1090211374.19,09/04/2020
PETR4,5.62,5.45,5.71,5.65,93724000,524537747.86,13/04/2020
PETR4,5.68,5.55,5.78,5.59,91017200,515689748.01,14/04/2020
PETR4,5.36,5.3,5.5,5.47,86749600,468881516.45,15/04/2020
PETR4,5.57,5.19,5.6,5.25,115633300,616303565.75,16/04/2020
PETR4,5.26,5.2,5.39,5.39,116733000,616969829.91,17/04/2020
PETR4,5.17,5.12,5.45,5.33,133739400,708283660.89,20/04/2020
PETR4,5.29,5.27,5.59,5.59,114967100,626422133.45,22/04/2020
PETR4,5.74,5.55,5.82,5.66,94759000,541254488.09,23/04/2020
PETR4,5.57,5.1,5.61,5.33,161188800,860219909.45,24/04/2020
PETR4,5.39,5.27,5.52,5.49,85944900,465017802.33,27/04/2020
PETR4,5.69,5.55,5.76,5.76,91613600,520725642.88,28/04/2020
PETR4,5.95,5.85,6.17,6.08,94528400,570573368.53,29/04/2020
PETR4,6.01,5.91,6.15,6.03,80263900,484026553.15,30/04/2020
PETR4,5.82,5.74,5.88,5.8,60268400,349937763.73,04/05/2020
PETR4,5.98,5.97,6.17,5.99,75043400,456309689.49,05/05/2020
PETR4,5.97,5.77,6.03,5.77,67937500,398365721.22,06/05/2020
PETR4,5.93,5.79,5.97,5.82,81265100,477924240.78,07/05/2020
PETR4,5.92,5.91,6.21,6.17,83232700,508303199.93,08/05/2020
PETR4,6.11,6.05,6.32,6.06,65061500,400778783.79,11/05/2020
PETR4,6.19,6.06,6.29,6.06,71837200,443154288.6,12/05/2020
PETR4,6.1,5.85,6.13,5.87,87222300,517798389.11,13/05/2020
PETR4,5.81,5.58,5.83,5.81,119653200,683119301.6,14/05/2020
PETR4,6.01,5.73,6.08,5.73,133733100,790897623.57,15/05/2020
PETR4,6.05,5.99,6.19,6.19,116999500,716073107.38,18/05/2020
PETR4,6.18,6.15,6.32,6.24,80131600,501358369.9,19/05/2020
PETR4,6.38,6.37,6.49,6.45,74595100,479897814.35,20/05/2020
PETR4,6.51,6.37,6.6,6.41,81327000,526973514.74,21/05/2020
PETR4,6.28,6.13,6.31,6.24,71259400,443302847.99,22/05/2020
PETR4,6.51,6.43,6.53,6.51,38033000,247174935.85,25/05/2020
PETR4,6.67,6.46,6.71,6.57,68716900,452674461.9,26/05/2020
PETR4,6.61,6.4,6.66,6.66,74790800,487714593.57,27/05/2020
PETR4,6.58,6.5,6.71,6.6,65023000,429124635.99,28/05/2020
PETR4,6.53,6.45,6.79,6.79,128832600,855496040.34,29/05/2020
PETR4,6.73,6.68,6.87,6.79,86579500,588597027.72,01/06/2020
PETR4,6.93,6.88,7.15,7.15,77235100,540069523.2,02/06/2020
PETR4,7.3,7.15,7.32,7.17,86219700,622938371.63,03/06/2020
PETR4,7.14,7.03,7.27,7.16,107401400,767735057.66,04/06/2020
PETR4,7.44,7.37,7.69,7.38,114137700,850911656.1,05/06/2020
PETR4,7.53,7.35,7.54,7.52,82444400,614502570.79,08/06/2020
PETR4,7.36,7.23,7.36,7.25,96488300,703077630.89,09/06/2020
PETR4,7.31,7.01,7.31,7.15,102551100,731065914.81,10/06/2020
PETR4,6.89,6.71,7.07,6.88,116746700,800164873.64,12/06/2020
PETR4,6.62,6.53,7.04,6.91,99931000,675729813.74,15/06/2020
PETR4,7.2,7.07,7.32,7.14,94510600,679914180.57,16/06/2020
PETR4,7.17,7.06,7.3,7.16,63268700,454083484.6,17/06/2020
PETR4,7.07,7.04,7.27,7.21,56893300,408261605.13,18/06/2020
PETR4,7.35,7.09,7.42,7.17,91139800,657176400.42,19/06/2020
PETR4,7.21,6.98,7.21,7.0,45419000,320705301.51,22/06/2020
PETR4,7.09,7.06,7.37,7.23,78950900,570118457.2,23/06/2020
PETR4,7.18,6.92,7.2,7.01,65162400,459700527.29,24/06/2020
PETR4,6.98,6.92,7.17,7.17,47263500,332826669.23,25/06/2020
PETR4,7.08,6.94,7.17,6.96,55499300,390246563.55,26/06/2020
PETR4,7.05,6.99,7.23,7.23,59809600,427932218.79,29/06/2020
PETR4,7.13,7.04,7.28,7.2,65010600,467269485.31,30/06/2020
PETR4,7.26,7.19,7.43,7.25,78983900,577976123.8,01/07/2020
PETR4,7.38,7.3,7.42,7.37,56345900,415553894.91,02/07/2020
PETR4,7.33,7.28,7.41,7.34,24060000,176941238.87,03/07/2020
PETR4,7.48,7.45,7.64,7.52,58070900,437575048.22,06/07/2020
PETR4,7.46,7.39,7.5,7.42,46591300,347024939.66,07/07/2020
PETR4,7.5,7.48,7.6,7.56,49136300,371122515.06,08/07/2020
PETR4,7.61,7.37,7.62,7.39,57151500,426060702.19,09/07/2020
PETR4,7.41,7.37,7.56,7.52,57428300,429630051.6,10/07/2020
PETR4,7.55,7.4,7.56,7.4,55425500,415547131.95,13/07/2020
PETR4,7.39,7.3,7.67,7.65,89380500,675782718.08,14/07/2020
PETR4,7.75,7.63,7.83,7.8,58390600,452162963.66,15/07/2020
PETR4,7.74,7.52,7.78,7.59,69698700,531058041.95,16/07/2020
PETR4,7.62,7.54,7.69,7.59,49927600,379708620.05,17/07/2020
PETR4,7.58,7.52,7.65,7.59,48679800,370265197.64,20/07/2020
PETR4,7.73,7.73,7.88,7.81,101769600,795588069.98,21/07/2020
PETR4,7.78,7.69,7.82,7.7,43085500,332952132.88,22/07/2020
PETR4,7.74,7.53,7.76,7.54,64072100,488935839.78,23/07/2020
PETR4,7.53,7.49,7.7,7.59,43380300,329648464.45,24/07/2020
PETR4,7.64,7.5,7.77,7.75,56539600,432383814.63,27/07/2020
PETR4,7.7,7.61,7.79,7.61,48353000,370549455.47,28/07/2020
PETR4,7.69,7.66,7.77,7.74,44011500,339811919.39,29/07/2020
PETR4,7.66,7.51,7.66,7.62,57859000,439200889.17,30/07/2020
PETR4,7.66,7.4,7.73,7.41,75397300,567296976.38,31/07/2020
PETR4,7.53,7.25,7.53,7.28,63598500,466382428.42,03/08/2020
PETR4,7.17,7.1,7.36,7.27,63011900,457112870.82,04/08/2020
PETR4,7.42,7.42,7.78,7.74,137214700,1056228242.17,05/08/2020
PETR4,7.78,7.69,7.86,7.76,56375100,437758336.22,06/08/2020
PETR4,7.64,7.53,7.65,7.61,56040200,424725087.47,07/08/2020
PETR4,7.65,7.56,7.83,7.83,52390100,403555112.18,10/08/2020
PETR4,7.92,7.7,7.98,7.71,66342300,521305890.94,11/08/2020
PETR4,7.8,7.71,7.91,7.84,67008500,522887613.49,12/08/2020
PETR4,7.83,7.58,7.88,7.63,44588200,344023158.04,13/08/2020
PETR4,7.6,7.52,7.68,7.57,38422000,292159449.45,14/08/2020
PETR4,7.57,7.4,7.63,7.55,52064300,390314025.84,17/08/2020
PETR4,7.66,7.6,7.76,7.69,49361300,380052492.41,18/08/2020
PETR4,7.67,7.6,7.79,7.65,51982100,400522317.26,19/08/2020
PETR4,7.52,7.46,7.64,7.59,55251700,417571175.4,20/08/2020
PETR4,7.53,7.46,7.56,7.53,38668300,290315248.22,21/08/2020
PETR4,7.64,7.61,7.73,7.67,51841900,397626302.24,24/08/2020
PETR4,7.71,7.58,7.73,7.64,37981400,289904273.94,25/08/2020
PETR4,7.61,7.36,7.65,7.42,69925300,523536701.88,26/08/2020
PETR4,7.45,7.36,7.5,7.4,35489800,263218400.13,27/08/2020
PETR4,7.43,7.37,7.53,7.53,31071000,231979967.66,28/08/2020
PETR4,7.45,7.31,7.49,7.31,48539700,357886806.63,31/08/2020
PETR4,7.41,7.39,7.65,7.64,66299700,500926750.03,01/09/2020
PETR4,7.66,7.52,7.72,7.61,53618000,407626086.08,02/09/2020
PETR4,7.55,7.54,7.72,7.64,87642400,668615101.41,03/09/2020
PETR4,7.68,7.54,7.69,7.66,52351100,398824816.76,04/09/2020
PETR4,7.51,7.32,7.51,7.43,74490200,551046378.89,08/09/2020
PETR4,7.51,7.51,7.6,7.59,42171500,318866252.74,09/09/2020
PETR4,7.54,7.38,7.54,7.39,58350000,434782737.07,10/09/2020
PETR4,7.39,7.26,7.43,7.31,71013700,520791958.92,11/09/2020
PETR4,7.33,7.16,7.34,7.24,46453300,335384130.35,14/09/2020
PETR4,7.34,7.2,7.37,7.24,58546700,425707449.05,15/09/2020
PETR4,7.3,7.21,7.34,7.26,50379500,366983511.75,16/09/2020
PETR4,7.18,7.17,7.4,7.4,60432200,441835945.5,17/09/2020
PETR4,7.34,7.2,7.4,7.23,64243500,467848446.84,18/09/2020
PETR4,7.11,6.95,7.17,6.98,73300000,515179143.53,21/09/2020
PETR4,7.0,6.93,7.13,6.95,47207700,330720498.32,22/09/2020
PETR4,6.95,6.75,7.0,6.76,57106300,392546198.46,23/09/2020
PETR4,6.76,6.7,6.92,6.81,76310000,517547869.27,24/09/2020
PETR4,6.73,6.64,6.77,6.72,40150400,269263520.06,25/09/2020
PETR4,6.79,6.56,6.87,6.56,48824300,326970780.98,28/09/2020
PETR4,6.56,6.43,6.63,6.45,52878100,344257159.41,29/09/2020
PETR4,6.51,6.49,6.69,6.55,69505000,458781136.84,30/09/2020
PETR4,6.56,6.39,6.7,6.63,77537300,508127717.61,01/10/2020
PETR4,6.59,6.35,6.59,6.35,85306000,550752478.11,02/10/2020
PETR4,6.47,6.43,6.73,6.69,73288500,483164975.02,05/10/2020
PETR4,6.84,6.66,6.91,6.66,77064600,522876421.82,06/10/2020
PETR4,6.68,6.53,6.7,6.61,53521000,353992048.49,07/10/2020
PETR4,6.69,6.63,6.88,6.83,78070400,525964099.3,08/10/2020
PETR4,6.79,6.61,6.81,6.61,67962300,454413448.95,09/10/2020
PETR4,6.65,6.59,6.72,6.72,55330600,368977884.88,13/10/2020
PETR4,6.71,6.67,6.8,6.67,44584300,300076973.39,14/10/2020
PETR4,6.55,6.49,6.6,6.6,56952100,373635248.25,15/10/2020
PETR4,6.57,6.45,6.58,6.46,49929000,324460885.38,16/10/2020
PETR4,6.48,6.43,6.66,6.52,107419300,705813145.71,19/10/2020
PETR4,6.57,6.54,6.77,6.74,68407700,456455389.59,20/10/2020
PETR4,6.73,6.62,6.79,6.73,60594900,405893307.9,21/10/2020
PETR4,6.71,6.7,6.96,6.96,98926900,681119830.12,22/10/2020
PETR4,6.99,6.86,7.06,6.87,61711200,428274113.26,23/10/2020
PETR4,6.79,6.69,6.86,6.76,58229100,394057408.72,26/10/2020
PETR4,6.77,6.62,6.8,6.64,48978400,326617832.78,27/10/2020
PETR4,6.46,6.24,6.49,6.24,79247400,503591803.0,28/10/2020
PETR4,6.16,5.92,6.47,6.44,86794800,540057102.11,29/10/2020
PETR4,6.39,6.3,6.53,6.33,64185100,409928866.18,30/10/2020
PETR4,6.52,6.46,6.65,6.56,66290900,434288728.56,03/11/2020
PETR4,6.68,6.44,6.7,6.59,65777600,432074058.34,04/11/2020
PETR4,6.66,6.59,6.68,6.64,40874800,271249178.39,05/11/2020
PETR4,6.53,6.53,6.66,6.6,37273300,246007630.35,06/11/2020
PETR4,7.05,7.03,7.58,7.22,164904100,1195715947.8,09/11/2020
PETR4,7.31,7.28,7.73,7.71,163589600,1242319993.28,10/11/2020
PETR4,7.8,7.48,7.8,7.64,93072900,706645963.63,11/11/2020
PETR4,7.59,7.27,7.62,7.32,77275000,572742075.05,12/11/2020
PETR4,7.35,7.31,7.61,7.56,66065200,495736901.17,13/11/2020
PETR4,7.75,7.73,7.89,7.78,101583300,792960823.67,16/11/2020
PETR4,7.7,7.68,8.06,7.91,94082100,744326119.06,17/11/2020
PETR4,8.01,7.87,8.06,7.87,68540400,546913411.11,18/11/2020
PETR4,7.87,7.81,8.0,7.96,65382100,516603448.94,19/11/2020
PETR4,7.96,7.84,8.01,7.9,38137700,301802604.52,20/11/2020
PETR4,8.03,8.03,8.38,8.38,125645300,1032645752.72,23/11/2020
PETR4,8.56,8.56,8.91,8.76,153293500,1339032280.23,24/11/2020
PETR4,8.75,8.57,8.85,8.77,73971200,645085197.0,25/11/2020
PETR4,8.66,8.54,8.67,8.62,41935900,360594823.06,26/11/2020
PETR4,8.66,8.5,8.7,8.52,49863500,429646482.57,27/11/2020
PETR4,8.44,8.3,8.64,8.32,90207700,760940345.09,30/11/2020
PETR4,8.48,8.45,8.61,8.55,58866000,501604423.29,01/12/2020
PETR4,8.55,8.46,8.85,8.65,88089900,764270371.67,02/12/2020
PETR4,8.73,8.7,8.98,8.9,62424500,552538499.29,03/12/2020
PETR4,9.08,9.04,9.21,9.19,61652400,563705300.74,04/12/2020
PETR4,9.11,8.91,9.28,9.02,72664200,660916572.33,07/12/2020
PETR4,8.95,8.84,9.06,8.9,46276700,414173103.04,08/12/2020
PETR4,8.89,8.82,9.01,9.0,52448300,467973765.88,09/12/2020
PETR4,9.08,9.06,9.42,9.29,97537100,904198028.88,10/12/2020
PETR4,9.18,9.11,9.3,9.21,48334300,444626556.97,11/12/2020
PETR4,9.36,9.22,9.44,9.22,53159500,494515062.12,14/12/2020
PETR4,9.28,9.23,9.35,9.3,47208200,438480176.3,15/12/2020
PETR4,9.3,9.17,9.43,9.42,59399200,554441089.31,16/12/2020
PETR4,9.45,9.38,9.48,9.43,39149200,369078222.47,17/12/2020
PETR4,9.39,9.36,9.46,9.39,44707900,420776699.56,18/12/2020
PETR4,9.08,8.86,9.18,9.02,99988800,905138273.0,21/12/2020
PETR4,9.08,9.03,9.17,9.11,46513200,423606580.57,22/12/2020
PETR4,9.16,9.13,9.44,9.34,49038900,457211747.87,23/12/2020
PETR4,9.47,9.41,9.53,9.41,36313300,343288441.98,28/12/2020
PETR4,9.48,9.35,9.5,9.44,29891100,281669581.47,29/12/2020
PETR4,9.47,9.42,9.52,9.47,36968200,350018846.13,30/12/2020
PETR4,9.57,9.53,9.75,9.66,74719700,719337083.45,04/01/2021
PETR4,9.65,9.43,10.08,10.03,95181100,933439823.78,05/01/2021
PETR4,10.07,10.04,10.32,10.04,96562500,984302262.28,06/01/2021
PETR4,10.13,10.13,10.4,10.35,56164100,577860691.54,07/01/2021
PETR4,10.51,10.14,10.61,10.39,67136300,696368929.74,08/01/2021
PETR4,10.22,10.15,10.37,10.31,48743700,500611290.2,11/01/2021
PETR4,10.39,10.23,10.54,10.23,65691900,680445372.19,12/01/2021
PETR4,10.25,9.69,10.31,9.74,93826600,927863405.62,13/01/2021
PETR4,9.74,9.59,9.91,9.84,50728700,495881996.08,14/01/2021
PETR4,9.7,9.36,9.71,9.39,80673300,763952194.49,15/01/2021
PETR4,9.46,9.36,9.64,9.38,68855700,652025777.68,18/01/2021
PETR4,9.51,9.23,9.64,9.58,61652300,583327518.92,19/01/2021
PETR4,9.67,9.39,9.73,9.42,60306200,574364848.63,20/01/2021
PETR4,9.36,9.19,9.49,9.2,41284900,383351976.29,21/01/2021
PETR4,8.99,8.87,9.1,9.05,51181900,460425676.55,22/01/2021
PETR4,9.1,8.96,9.34,9.02,64514600,589665834.59,26/01/2021
PETR4,8.95,8.86,9.41,9.14,68337800,626129883.24,27/01/2021
PETR4,9.12,9.12,9.5,9.27,67827000,631606292.46,28/01/2021
PETR4,9.19,8.91,9.24,8.91,67555300,612329882.78,29/01/2021
PETR4,9.1,8.96,9.24,9.19,44449500,404986893.96,01/02/2021
PETR4,9.49,9.42,9.73,9.57,91663000,878100035.47,02/02/2021
PETR4,9.68,9.57,9.73,9.64,51765400,499293799.44,03/02/2021
PETR4,9.63,9.42,9.68,9.63,41444100,396174129.37,04/02/2021
PETR4,9.68,9.46,10.05,9.69,121098700,1187221966.92,05/02/2021
PETR4,9.52,9.28,9.79,9.39,98821700,936744046.64,08/02/2021
PETR4,9.37,9.14,9.48,9.2,63662200,589509582.74,09/02/2021
PETR4,9.26,9.06,9.37,9.28,52949900,488047719.47,10/02/2021
PETR4,9.4,9.31,9.52,9.38,61158600,576719092.91,11/02/2021
PETR4,9.29,9.22,9.52,9.5,47801100,450089104.61,12/02/2021
PETR4,9.53,9.4,9.89,9.88,54973400,532066773.38,17/02/2021
PETR4,10.15,9.7,10.33,9.78,105539200,1052476655.82,18/02/2021
PETR4,9.36,9.07,9.52,9.13,215834800,1997200502.17,19/02/2021
PETR4,7.61,7.15,7.75,7.16,490230400,3608335638.06,22/02/2021
PETR4,7.7,7.58,8.1,8.04,293503100,2301267029.73,23/02/2021
PETR4,8.2,8.02,8.35,8.15,155246400,1268567412.45,24/02/2021
PETR4,8.35,7.72,8.43,7.75,170149400,1374398934.49,25/02/2021
PETR4,7.75,7.34,7.82,7.43,159881000,1200512579.63,26/02/2021
PETR4,7.61,7.32,7.7,7.35,90330100,676989831.85,01/03/2021
PETR4,7.29,6.9,7.46,7.34,147772300,1063911146.2,02/03/2021
PETR4,7.28,6.84,7.31,7.08,185688500,1307762583.63,03/03/2021
PETR4,7.11,7.05,7.48,7.42,127843200,939118489.29,04/03/2021
PETR4,7.49,7.44,7.76,7.48,126306300,952861718.14,05/03/2021
PETR4,7.33,7.0,7.44,7.05,141142800,1021130317.55,08/03/2021
PETR4,7.13,6.97,7.33,7.21,122553300,879934605.77,09/03/2021
PETR4,7.33,7.21,7.46,7.46,111744100,822933203.85,10/03/2021
PETR4,7.55,7.55,7.85,7.78,130577500,1006860430.99,11/03/2021
PETR4,7.73,7.64,7.81,7.74,68123200,525044527.49,12/03/2021
PETR4,7.72,7.72,7.91,7.9,68295000,533477646.05,15/03/2021
PETR4,7.89,7.76,7.91,7.78,43407900,339435265.25,16/03/2021
PETR4,7.73,7.72,8.06,8.04,77966400,620491277.15,17/03/2021
PETR4,7.98,7.71,7.98,7.76,77198900,607218781.73,18/03/2021
PETR4,7.77,7.74,8.03,8.02,90244500,717370968.54,19/03/2021
PETR4,7.91,7.76,7.94,7.86,44129300,346115355.82,22/03/2021
PETR4,7.74,7.61,7.89,7.61,57124700,442455504.51,23/03/2021
PETR4,7.75,7.62,7.86,7.62,63338300,490470073.64,24/03/2021
PETR4,7.58,7.4,7.78,7.75,79214500,601116910.56,25/03/2021
PETR4,7.84,7.72,7.98,7.84,60918600,478666922.17,26/03/2021
PETR4,7.8,7.78,7.96,7.96,50099700,394982084.9,29/03/2021
PETR4,7.9,7.87,8.01,7.96,41959100,333861659.61,30/03/2021
PETR4,7.95,7.94,8.09,8.05,68609400,552556909.49,31/03/2021
PETR4,8.11,7.94,8.15,7.98,47232900,378869426.26,01/04/2021
PETR4,8.06,7.91,8.08,8.03,40454400,323084244.67,05/04/2021
PETR4,8.08,7.99,8.14,8.02,45934300,369808550.57,06/04/2021
PETR4,8.0,7.99,8.13,8.02,55892200,450320784.74,07/04/2021
PETR4,8.01,7.81,8.03,7.92,63231300,500113784.47,08/04/2021
PETR4,7.85,7.81,7.94,7.9,47494400,375028205.7,09/04/2021
PETR4,8.0,7.94,8.14,7.98,50592900,405106144.4,12/04/2021
PETR4,8.01,7.91,8.05,8.01,53612300,428750434.67,13/04/2021
PETR4,8.08,8.01,8.21,8.13,90836500,738830336.42,14/04/2021
PETR4,8.18,7.95,8.23,7.97,64193600,519012671.26,15/04/2021
PETR4,7.98,7.87,8.02,7.92,59567300,472864348.59,16/04/2021
PETR4,7.92,7.86,8.59,8.38,196519100,1635585363.25,19/04/2021
PETR4,8.4,8.2,8.49,8.22,94965400,787490934.73,20/04/2021
PETR4,8.33,8.16,8.35,8.18,46600100,384134851.14,22/04/2021
PETR4,8.24,8.12,8.26,8.18,60341000,493839821.77,23/04/2021
PETR4,8.23,8.15,8.3,8.21,33281000,273452745.22,26/04/2021
PETR4,8.22,7.97,8.34,7.97,76684900,622987243.46,27/04/2021
PETR4,8.08,8.06,8.32,8.26,66374200,544622622.79,28/04/2021
PETR4,8.33,8.08,8.39,8.15,49775900,407230884.92,29/04/2021
PETR4,8.08,8.04,8.26,8.15,61039200,499025569.83,30/04/2021
PETR4,8.22,8.04,8.22,8.09,49039900,397704675.27,03/05/2021
PETR4,8.13,7.9,8.16,7.9,44765000,358232539.51,04/05/2021
PETR4,8.0,7.98,8.27,8.23,75611900,619279888.62,05/05/2021
PETR4,8.18,8.08,8.23,8.11,54091600,440310825.74,06/05/2021
PETR4,8.16,8.1,8.44,8.42,74118200,616124071.73,07/05/2021
PETR4,8.56,8.49,8.62,8.53,73804500,631704587.29,10/05/2021
PETR4,8.44,8.4,8.69,8.68,73729900,633293063.72,11/05/2021
PETR4,8.61,8.52,8.81,8.55,89980700,777751544.27,12/05/2021
PETR4,8.55,8.43,8.66,8.63,77282100,661298370.81,13/05/2021
PETR4,8.91,8.82,9.11,9.07,196135500,1759627749.58,14/05/2021
PETR4,9.08,9.04,9.2,9.2,83512600,763462479.21,17/05/2021
PETR4,9.22,9.07,9.25,9.1,63510600,580223227.02,18/05/2021
PETR4,8.92,8.91,9.1,9.03,84700500,763031362.37,19/05/2021
PETR4,9.03,8.88,9.07,8.95,71371100,638933169.29,20/05/2021
PETR4,9.0,8.95,9.08,8.96,81335700,731659030.77,21/05/2021
PETR4,9.07,8.97,9.15,9.11,63029600,572952028.26,24/05/2021
PETR4,9.14,8.9,9.19,8.92,63672000,574317158.93,25/05/2021
PETR4,8.94,8.85,9.04,9.01,46646900,417332913.98,26/05/2021
PETR4,9.0,8.9,9.06,8.94,48877800,438522820.38,27/05/2021
PETR4,9.04,9.03,9.33,9.32,129526400,1196339316.54,28/05/2021
PETR4,9.31,9.24,9.39,9.28,46298900,430135102.03,31/05/2021
PETR4,9.46,9.32,9.56,9.42,90744900,855206547.89,01/06/2021
PETR4,9.44,9.41,9.69,9.69,105155100,1009410625.37,02/06/2021
PETR4,9.69,9.64,9.88,9.84,102757300,1006742961.35,04/06/2021
PETR4,9.84,9.67,9.86,9.77,74548900,727317479.36,07/06/2021
PETR4,9.72,9.65,9.94,9.89,88398600,870589213.95,08/06/2021
PETR4,9.91,9.85,10.04,9.89,60724200,604940267.06,09/06/2021
PETR4,9.95,9.86,10.02,9.91,40150400,399305103.43,10/06/2021
PETR4,9.94,9.76,9.96,9.86,54894400,542116355.51,11/06/2021
PETR4,9.98,9.88,10.13,9.92,64286600,643144317.26,14/06/2021
PETR4,10.0,9.88,10.03,10.02,42597100,425128728.03,15/06/2021
PETR4,10.04,9.93,10.11,10.06,77432900,776513139.9,16/06/2021
PETR4,10.01,9.63,10.08,9.71,95264600,933706493.61,17/06/2021
PETR4,9.67,9.54,9.81,9.78,114058600,1111516437.39,18/06/2021
PETR4,9.8,9.8,10.01,9.99,50709600,504711470.48,21/06/2021
PETR4,10.01,9.9,10.1,10.05,41602700,415448355.78,22/06/2021
PETR4,10.1,10.01,10.19,10.11,57278500,579334781.82,23/06/2021
PETR4,10.18,10.09,10.24,10.24,51447000,522765165.29,24/06/2021
PETR4,10.25,9.99,10.28,10.05,84950900,862474819.64,25/06/2021
PETR4,10.07,9.9,10.1,10.03,40341200,403274671.16,28/06/2021
PETR4,10.04,9.92,10.07,10.07,43215200,433059952.39,29/06/2021
PETR4,10.02,9.98,10.21,10.16,71367600,723749041.44,30/06/2021
PETR4,10.27,9.98,10.31,10.03,65084000,656955935.33,01/07/2021
PETR4,10.11,9.92,10.14,10.07,37336700,374556220.87,02/07/2021
PETR4,10.01,9.79,10.07,9.96,56028600,556893412.92,05/07/2021
PETR4,9.91,9.55,9.94,9.55,97839700,947101851.14,06/07/2021
PETR4,9.72,9.46,9.72,9.68,73793500,710664252.61,07/07/2021
PETR4,9.46,9.41,9.56,9.49,80574200,763729032.04,08/07/2021
PETR4,9.52,9.42,9.59,9.57,53001200,504600145.91,12/07/2021
PETR4,9.51,9.45,9.66,9.63,41594300,397522906.86,13/07/2021
PETR4,9.7,9.51,9.73,9.55,51654600,496125220.83,14/07/2021
PETR4,9.49,9.29,9.54,9.35,67982600,639870413.9,15/07/2021
PETR4,9.4,9.18,9.45,9.21,67461300,626795641.24,16/07/2021
PETR4,8.97,8.93,9.13,9.06,80087700,721505927.74,19/07/2021
PETR4,9.04,8.94,9.3,9.18,63408800,579774731.45,20/07/2021
PETR4,9.25,9.18,9.4,9.31,51116600,476508226.88,21/07/2021
PETR4,9.32,9.22,9.4,9.29,37736500,351022991.5,22/07/2021
PETR4,9.36,9.21,9.38,9.23,34025500,315668325.75,23/07/2021
PETR4,9.23,9.22,9.48,9.48,46802600,439594354.41,26/07/2021
PETR4,9.44,9.29,9.46,9.37,51901800,486768798.18,27/07/2021
PETR4,9.47,9.39,9.63,9.57,46727100,445067264.11,28/07/2021
PETR4,9.6,9.49,9.64,9.6,43916600,421007466.96,29/07/2021
PETR4,9.53,9.26,9.61,9.29,74150400,697549007.27,30/07/2021
PETR4,9.39,9.1,9.46,9.12,70528800,654109092.63,02/08/2021
PETR4,9.1,8.9,9.28,9.27,71850400,655367903.19,03/08/2021
PETR4,9.17,8.96,9.24,9.07,87970600,798184246.03,04/08/2021
PETR4,9.92,9.69,10.0,9.79,223915900,2207962601.5,05/08/2021
PETR4,9.84,9.67,9.85,9.8,51106100,499556734.03,06/08/2021
PETR4,9.65,9.55,9.74,9.73,75381900,729232971.5,09/08/2021
PETR4,9.77,9.75,9.94,9.76,84380900,830891260.75,10/08/2021
PETR4,9.72,9.66,10.01,9.9,97863500,965459672.41,11/08/2021
PETR4,9.89,9.84,10.08,10.05,95319300,952317854.8,12/08/2021
PETR4,10.03,10.02,10.22,10.13,85201800,863019642.63,13/08/2021
PETR4,10.08,9.75,10.09,9.89,101262100,1003324272.91,16/08/2021
PETR4,9.82,9.67,10.11,9.89,93623700,924760330.98,17/08/2021
PETR4,9.89,9.75,9.99,9.8,86103100,850016463.25,18/08/2021
PETR4,9.61,9.56,9.83,9.74,80808200,783469307.55,19/08/2021
PETR4,9.66,9.57,9.74,9.73,84938300,820453583.24,20/08/2021
PETR4,9.85,9.79,9.99,9.88,70161500,695857092.17,23/08/2021
PETR4,9.98,9.96,10.11,10.09,49831400,500076270.62,24/08/2021
PETR4,10.11,10.01,10.18,10.14,46031200,465072610.26,25/08/2021
PETR4,10.09,10.05,10.2,10.05,41061300,415144828.9,26/08/2021
PETR4,10.13,10.12,10.42,10.42,76465300,786796060.86,27/08/2021
PETR4,10.39,10.34,10.5,10.35,61054000,635422832.8,30/08/2021
PETR4,10.31,9.87,10.33,9.95,110574300,1113763234.65,31/08/2021
PETR4,9.99,9.63,10.0,9.89,69430400,683522764.41,01/09/2021
PETR4,9.88,9.68,10.0,9.73,56052000,551129333.36,02/09/2021
PETR4,9.75,9.55,9.8,9.63,58182700,560530384.6,03/09/2021
PETR4,9.59,9.56,9.77,9.68,26770700,259605522.87,06/09/2021
PETR4,9.62,9.07,9.64,9.13,80378400,750155410.72,08/09/2021
PETR4,9.17,8.83,9.47,9.33,156617100,1422328793.07,09/09/2021
PETR4,9.52,9.26,9.56,9.27,78379900,733890672.27,10/09/2021
PETR4,9.44,9.38,9.65,9.59,63317900,604835505.62,13/09/2021
PETR4,9.49,9.41,9.6,9.47,65497300,621969078.15,14/09/2021
PETR4,9.51,9.46,9.68,9.63,67274100,644360298.65,15/09/2021
PETR4,9.54,9.33,9.6,9.55,65567700,620970691.58,16/09/2021
PETR4,9.5,9.06,9.52,9.12,128315300,1181671366.08,17/09/2021
PETR4,8.81,8.7,9.02,9.02,80260600,711951371.36,20/09/2021
PETR4,9.17,8.97,9.25,9.22,64570200,590701678.43,21/09/2021
PETR4,9.34,9.33,9.59,9.46,70231800,666156505.25,22/09/2021
PETR4,9.49,9.48,9.86,9.82,84480600,821805558.15,23/09/2021
PETR4,9.71,9.68,9.9,9.84,44821500,440147988.8,24/09/2021
PETR4,9.93,9.69,10.04,9.93,89178700,886361810.19,27/09/2021
PETR4,9.95,9.77,10.2,9.86,117874300,1177691026.59,28/09/2021
PETR4,9.95,9.81,10.07,10.02,58731700,586204995.52,29/09/2021
PETR4,10.07,9.94,10.09,9.96,65744000,657970546.43,30/09/2021
PETR4,9.92,9.9,10.24,10.24,60983200,617685348.69,01/10/2021
PETR4,10.15,10.14,10.54,10.53,106937000,1110349868.19,04/10/2021
PETR4,10.61,10.57,10.78,10.76,100469100,1075603100.27,05/10/2021
PETR4,10.59,10.41,10.67,10.48,84599400,889134585.49,06/10/2021
PETR4,10.5,10.33,10.6,10.46,60551100,635819412.79,07/10/2021
PETR4,10.61,10.5,10.83,10.65,84170500,896929899.64,08/10/2021
PETR4,10.79,10.66,10.92,10.72,76466700,827418557.1,11/10/2021
PETR4,10.67,10.64,10.86,10.84,55605400,599894750.31,13/10/2021
PETR4,10.92,10.79,11.05,10.86,76172700,832539382.22,14/10/2021
PETR4,10.9,10.79,10.91,10.83,72171800,782224316.87,15/10/2021
PETR4,10.75,10.6,10.84,10.77,68971300,741266375.85,18/10/2021
PETR4,10.7,10.19,10.72,10.25,111484000,1158855915.36,19/10/2021
PETR4,10.34,10.22,10.53,10.39,56063300,582712300.56,20/10/2021
PETR4,10.19,9.85,10.31,10.04,101567700,1019884183.97,21/10/2021
PETR4,9.91,9.43,10.15,9.94,138384700,1354902134.92,22/10/2021
PETR4,10.15,10.11,10.72,10.62,135830600,1421014002.14,25/10/2021
PETR4,10.53,10.46,10.69,10.52,57865600,612020893.13,26/10/2021
PETR4,10.55,10.41,10.63,10.49,57579200,606742596.46,27/10/2021
PETR4,10.44,10.33,10.7,10.59,89578000,946316768.57,28/10/2021
PETR4,10.65,9.86,10.68,9.97,157340000,1601822300.61,29/10/2021
PETR4,10.14,10.01,10.36,10.24,102157200,1042615717.26,01/11/2021
PETR4,10.14,9.8,10.19,9.82,83475800,832612419.88,03/11/2021
PETR4,9.88,9.46,9.96,9.51,92603400,888791698.42,04/11/2021
PETR4,9.62,9.43,9.71,9.46,86264000,821437133.16,05/11/2021
PETR4,9.44,9.41,9.75,9.55,59704100,572659730.46,08/11/2021
PETR4,9.58,9.58,9.86,9.74,73021700,711819338.61,09/11/2021
PETR4,9.73,9.57,9.85,9.67,68176300,663822716.72,10/11/2021
PETR4,9.83,9.6,9.83,9.67,60848900,588696330.59,11/11/2021
PETR4,9.62,9.51,9.93,9.87,85962500,834641917.92,12/11/2021
PETR4,9.97,9.74,10.08,9.97,60978200,605832161.37,16/11/2021
PETR4,10.02,9.69,10.04,9.72,82106800,810078942.67,17/11/2021
PETR4,9.76,9.53,9.78,9.71,63993000,617974012.84,18/11/2021
PETR4,9.55,9.43,9.61,9.55,85893800,818438006.33,19/11/2021
PETR4,9.62,9.62,9.92,9.64,59195200,579410458.24,22/11/2021
PETR4,9.73,9.69,10.26,10.17,108382300,1090514390.49,23/11/2021
PETR4,10.16,10.06,10.4,10.38,64263300,659972805.73,24/11/2021
PETR4,10.63,10.45,10.9,10.83,104052200,1116380429.04,25/11/2021
PETR4,10.38,10.27,10.67,10.41,108871800,1136490547.35,26/11/2021
PETR4,10.74,10.54,10.91,10.78,84672200,910561863.43,29/11/2021
PETR4,10.72,10.56,10.84,10.76,129384600,1386305542.93,30/11/2021
PETR4,10.91,10.78,11.22,10.83,135078600,1486793638.94,01/12/2021
PETR4,11.02,10.7,11.64,11.58,191410300,2158606127.99,02/12/2021
PETR4,11.63,11.53,11.82,11.75,105133000,1228528063.22,03/12/2021
PETR4,11.75,11.71,11.95,11.8,66142300,783814513.39,06/12/2021
PETR4,11.96,11.76,12.08,11.99,98989300,1181598617.81,07/12/2021
PETR4,11.99,11.93,12.28,11.99,71167700,859498233.13,08/12/2021
PETR4,11.88,11.76,12.04,11.96,67668200,805802096.16,09/12/2021
PETR4,12.05,12.04,12.29,12.11,38517500,467109329.88,10/12/2021
PETR4,12.12,11.96,12.27,12.04,45448700,549135739.74,13/12/2021
PETR4,12.09,11.85,12.19,11.89,56833800,681592455.8,14/12/2021
PETR4,11.88,11.68,11.97,11.97,55085100,651997236.26,15/12/2021
PETR4,12.1,12.05,12.24,12.13,56545700,686995864.33,16/12/2021
PETR4,11.97,11.75,12.11,11.84,93593700,1112916126.71,17/12/2021
PETR4,11.62,11.3,11.66,11.5,106282500,1217480295.87,20/12/2021
PETR4,11.66,11.48,11.73,11.52,40454500,468889775.59,21/12/2021
PETR4,11.6,11.42,11.6,11.5,33734500,388099953.37,22/12/2021
PETR4,11.57,11.5,11.61,11.57,28713600,331764039.79,23/12/2021
PETR4,11.57,11.5,11.75,11.74,44227900,516672528.69,27/12/2021
PETR4,11.85,11.72,11.96,11.75,30688100,361849852.05,28/12/2021
PETR4,11.72,11.61,11.8,11.66,35508400,414700123.73,29/12/2021
PETR4,11.66,11.59,11.72,11.62,43229100,503474982.82,30/12/2021
PETR4,11.66,11.65,11.93,11.88,52704700,624222220.09,03/01/2022
PETR4,11.91,11.81,12.01,11.93,51739200,616597614.39,04/01/2022
PETR4,11.92,11.41,11.95,11.46,78459800,913950250.13,05/01/2022
PETR4,11.55,11.37,11.7,11.46,61163100,704797557.24,06/01/2022
PETR4,11.48,11.36,11.55,11.51,47507600,544680685.17,07/01/2022
PETR4,11.43,11.32,11.53,11.44,37455200,427210028.78,10/01/2022
PETR4,11.48,11.37,11.87,11.78,73623800,860089423.18,11/01/2022
PETR4,11.82,11.82,12.22,12.14,81378200,981632238.11,12/01/2022
PETR4,12.06,12.05,12.51,12.38,76717500,948941225.86,13/01/2022
PETR4,12.37,12.35,12.91,12.84,96458800,1224486431.11,14/01/2022
PETR4,12.82,12.76,12.99,12.86,35675900,460032450.27,17/01/2022
PETR4,12.89,12.65,13.06,12.92,78198800,1007732811.18,18/01/2022
PETR4,13.03,12.84,13.15,12.86,77480200,1007703434.42,19/01/2022
PETR4,12.86,12.71,13.07,12.95,85353100,1105018580.56,20/01/2022
PETR4,12.89,12.88,13.02,12.98,61345400,794501271.68,21/01/2022
PETR4,12.94,12.68,13.17,13.05,79117100,1021645240.71,24/01/2022
PETR4,12.95,12.9,13.57,13.47,98358500,1306158600.85,25/01/2022
PETR4,13.6,13.6,14.0,13.83,98679900,1368440970.74,26/01/2022
PETR4,13.99,13.55,14.15,13.84,90631000,1258293192.58,27/01/2022
PETR4,13.8,13.15,14.03,13.29,117400500,1594213272.93,28/01/2022
PETR4,13.27,13.1,13.48,13.21,62450300,827006850.53,31/01/2022
PETR4,13.21,13.05,13.61,13.48,57315200,768661495.06,01/02/2022
PETR4,13.64,13.22,13.68,13.28,36271700,483598282.24,02/02/2022
PETR4,13.21,12.91,13.44,13.1,51087800,668317493.4,03/02/2022
PETR4,13.24,13.02,13.57,13.33,59346800,794618118.74,04/02/2022
PETR4,13.29,13.12,13.39,13.13,48868100,646041496.44,07/02/2022
PETR4,13.03,12.77,13.05,13.0,62590000,808195000.15,08/02/2022
PETR4,12.96,12.93,13.35,13.05,50960500,670717948.85,09/02/2022
PETR4,13.19,13.04,13.44,13.25,49534600,658247088.79,10/02/2022
PETR4,13.38,13.33,13.85,13.79,88013400,1204137463.47,11/02/2022
PETR4,13.83,13.4,13.86,13.48,55687000,754033490.03,14/02/2022
PETR4,13.34,13.02,13.35,13.27,65689000,867928340.79,15/02/2022
PETR4,13.41,13.38,13.76,13.45,65811600,896212480.76,16/02/2022
PETR4,13.42,13.29,13.6,13.4,43255200,579666194.37,17/02/2022
PETR4,13.3,13.18,13.51,13.48,60304700,806209293.67,18/02/2022
PETR4,13.5,13.48,13.89,13.82,51263800,704808015.34,21/02/2022
PETR4,13.98,13.56,14.16,13.78,80206700,1108255158.32,22/02/2022
PETR4,13.96,13.8,14.13,13.98,86530100,1211406652.85,23/02/2022
PETR4,14.21,13.35,14.41,13.64,139674100,1933483017.08,24/02/2022
PETR4,13.66,13.44,13.89,13.89,86189100,1181685421.99,25/02/2022
PETR4,14.4,14.05,14.41,14.16,58071800,825680681.53,02/03/2022
PETR4,14.22,13.95,14.27,13.98,69237400,974784054.1,03/03/2022
PETR4,13.92,13.81,14.16,13.98,55418000,772471051.16,04/03/2022
PETR4,14.09,12.92,14.13,12.99,110954100,1496673531.19,07/03/2022
PETR4,13.07,12.87,13.47,13.26,111633500,1475602127.22,08/03/2022
PETR4,13.31,12.96,13.4,13.3,87779300,1155571948.14,09/03/2022
PETR4,13.31,13.28,14.13,13.76,136437700,1875994386.05,10/03/2022
PETR4,13.85,13.1,14.04,13.27,92153700,1253774562.01,11/03/2022
PETR4,13.24,12.87,13.43,13.02,52274100,683172129.94,14/03/2022
PETR4,12.72,12.44,12.88,12.7,66272000,839936775.05,15/03/2022
PETR4,12.86,12.4,12.88,12.59,72034900,907927344.81,16/03/2022
PETR4,12.76,12.05,12.82,12.26,178319300,2199884004.96,17/03/2022
PETR4,12.29,12.2,12.59,12.5,93097100,1161059171.72,18/03/2022
PETR4,12.62,12.51,13.11,12.97,67700800,872517138.24,21/03/2022
PETR4,13.06,12.8,13.11,12.91,56128600,724400634.1,22/03/2022
PETR4,13.04,12.94,13.26,13.09,52956100,695079171.01,23/03/2022
PETR4,13.09,12.93,13.31,13.24,49402800,651169089.74,24/03/2022
PETR4,13.13,13.04,13.29,13.19,51780100,683234606.51,25/03/2022
PETR4,13.09,12.65,13.1,12.91,68610500,883394566.12,28/03/2022
PETR4,13.12,13.04,13.38,13.19,93809000,1237537848.32,29/03/2022
PETR4,13.27,13.22,13.47,13.47,69648400,932172785.86,30/03/2022
PETR4,13.3,13.27,13.71,13.66,94269500,1276568343.88,31/03/2022
PETR4,13.7,13.44,13.8,13.48,72545400,987186365.39,01/04/2022
PETR4,13.44,13.17,13.44,13.35,56053000,746123179.92,04/04/2022
PETR4,13.34,13.23,13.5,13.23,45847200,610934572.56,05/04/2022
PETR4,13.31,13.09,13.39,13.22,56947100,752804809.57,06/04/2022
PETR4,13.33,13.27,13.91,13.9,118469400,1618782612.27,07/04/2022
PETR4,13.91,13.82,14.05,13.97,60772700,849237411.33,08/04/2022
PETR4,13.85,13.8,13.93,13.87,48125400,667134374.89,11/04/2022
PETR4,14.05,13.8,14.16,13.82,68522800,957434515.81,12/04/2022
PETR4,14.04,13.93,14.21,14.12,101438800,1429742997.72,13/04/2022
PETR4,14.1,13.9,14.31,13.95,119382100,1677347854.5,14/04/2022
PETR4,13.9,13.6,14.01,13.71,76350600,1048967849.76,18/04/2022
PETR4,13.9,13.89,14.28,14.12,88494100,1243581325.85,19/04/2022
PETR4,14.12,13.98,14.26,14.19,34694700,489493000.22,20/04/2022
PETR4,13.85,13.53,13.97,13.64,74560900,1024388280.41,22/04/2022
PETR4,13.37,13.18,13.58,13.43,66413900,886294615.78,25/04/2022
PETR4,13.43,13.34,13.64,13.41,48764100,657251836.87,26/04/2022
PETR4,13.55,13.36,13.64,13.41,41881300,563173826.66,27/04/2022
PETR4,13.59,13.5,13.66,13.5,43298500,587933817.41,28/04/2022
PETR4,13.72,13.51,14.09,13.51,76243900,1056365234.22,29/04/2022
PETR4,13.46,13.09,13.53,13.38,72456200,963280723.85,02/05/2022
PETR4,13.44,13.31,13.56,13.5,52531000,706480610.45,03/05/2022
PETR4,13.65,13.56,14.35,14.31,109417000,1528000587.75,04/05/2022
PETR4,14.19,13.84,14.5,14.28,99439900,1414927906.47,05/05/2022
PETR4,14.59,14.23,14.78,14.75,129570200,1892361885.24,06/05/2022
PETR4,14.59,14.3,14.74,14.35,92314500,1335680783.44,09/05/2022
PETR4,14.44,14.37,14.66,14.47,60330600,875161525.57,10/05/2022
PETR4,14.63,14.59,15.13,14.98,108895400,1630663497.87,11/05/2022
PETR4,14.84,14.84,15.21,15.09,114415900,1721075273.45,12/05/2022
PETR4,15.21,15.13,15.37,15.29,67000100,1024443393.47,13/05/2022
PETR4,15.28,15.17,15.56,15.44,92075300,1423704871.3,16/05/2022
PETR4,15.62,15.23,15.68,15.24,90914700,1394064056.69,17/05/2022
PETR4,15.25,14.92,15.42,14.99,80986200,1221437193.96,18/05/2022
PETR4,14.96,14.87,15.3,15.25,63983100,970103645.19,19/05/2022
PETR4,15.43,15.28,15.54,15.54,79589900,1229176409.03,20/05/2022
PETR4,15.7,15.68,16.2,16.15,93807400,1501614601.62,23/05/2022
PETR4,15.48,15.24,15.92,15.68,154453100,2401209580.23,24/05/2022
PETR4,15.73,15.51,16.02,15.91,69991900,1110227022.17,25/05/2022
PETR4,15.89,15.86,16.16,15.94,78303600,1254329206.59,26/05/2022
PETR4,15.95,15.17,15.95,15.19,118295600,1821325670.14,27/05/2022
PETR4,15.3,14.45,15.32,14.88,98110100,1449438338.07,30/05/2022
PETR4,15.09,14.79,15.2,14.92,83598000,1251198490.27,31/05/2022
PETR4,14.84,14.81,15.05,14.9,46353200,691370759.59,01/06/2022
PETR4,14.87,14.66,14.91,14.77,50738300,750379404.03,02/06/2022
PETR4,14.74,14.65,15.11,15.03,60396900,898508768.26,03/06/2022
PETR4,15.14,14.84,15.15,15.04,39213900,588232259.48,06/06/2022
PETR4,14.98,14.97,15.53,15.22,80333700,1229772992.87,07/06/2022
PETR4,15.1,15.05,15.46,15.14,65923900,1005612621.57,08/06/2022
PETR4,15.14,14.88,15.22,14.92,53879000,810880696.61,09/06/2022
PETR4,14.89,14.42,14.89,14.71,63101700,924431848.97,10/06/2022
PETR4,14.4,14.23,14.68,14.53,64507100,933186221.01,13/06/2022
PETR4,14.72,14.51,15.01,14.69,68816900,1019453984.69,14/06/2022
PETR4,14.89,14.31,14.9,14.43,72785700,1060848090.61,15/06/2022
PETR4,13.98,12.97,14.12,13.55,184606500,2479898117.12,17/06/2022
PETR4,12.91,12.86,14.02,13.71,92581800,1260813786.9,20/06/2022
PETR4,13.8,13.25,13.97,13.43,85179500,1152972538.16,21/06/2022
PETR4,13.19,13.1,13.67,13.39,57874700,776815882.4,22/06/2022
PETR4,13.39,12.96,13.59,13.15,69262300,916300846.51,23/06/2022
PETR4,13.28,12.99,13.44,13.05,53413400,702274766.28,24/06/2022
PETR4,13.31,13.23,13.93,13.89,90417700,1240144505.45,27/06/2022
PETR4,14.18,13.91,14.31,14.06,51388000,725226237.94,28/06/2022
PETR4,14.13,13.82,14.3,13.93,52048800,731232501.95,29/06/2022
PETR4,13.72,13.6,13.92,13.86,49910100,689091399.54,30/06/2022
PETR4,13.93,13.66,14.32,14.16,64948200,911459258.72,01/07/2022
PETR4,14.16,14.16,14.53,14.46,37324200,537784305.14,04/07/2022
PETR4,14.34,13.67,14.37,13.91,78428500,1089313814.28,05/07/2022
PETR4,13.97,13.35,14.13,13.73,57617200,787863349.39,06/07/2022
PETR4,13.9,13.9,14.35,14.13,52147300,739732961.39,07/07/2022
PETR4,14.16,14.08,14.38,14.29,43097800,613565274.37,08/07/2022
PETR4,14.05,14.02,14.29,14.22,39577600,561073241.62,11/07/2022
PETR4,14.04,13.88,14.11,14.01,46462000,650089067.19,12/07/2022
PETR4,13.96,13.89,14.13,14.02,35497200,498133981.93,13/07/2022
PETR4,13.9,13.52,13.9,13.64,47151000,644087549.87,14/07/2022
PETR4,13.75,13.64,13.92,13.88,38610800,533411487.66,15/07/2022
PETR4,14.09,14.04,14.24,14.19,46782300,662232526.02,18/07/2022
PETR4,14.17,14.09,14.51,14.48,48562300,697996054.91,19/07/2022
PETR4,14.43,14.31,14.5,14.48,43520800,627148528.06,20/07/2022
PETR4,14.38,13.99,14.46,14.4,58843200,833524186.05,21/07/2022
PETR4,14.41,14.32,14.62,14.56,55676200,807729094.85,22/07/2022
PETR4,14.69,14.69,15.26,15.24,79106600,1188848775.83,25/07/2022
PETR4,15.48,15.18,15.69,15.39,78360100,1209966662.71,26/07/2022
PETR4,15.53,15.2,15.62,15.56,56097200,863624090.22,27/07/2022
PETR4,15.68,15.6,16.19,16.02,114996500,1831135894.82,28/07/2022
PETR4,16.67,16.29,17.2,16.95,181480600,3062597165.6,29/07/2022
PETR4,16.87,16.49,16.95,16.71,81365100,1357583308.15,01/08/2022
PETR4,16.76,16.61,17.12,16.79,69147100,1163015146.34,02/08/2022
PETR4,16.88,16.65,16.95,16.81,65544500,1101770296.31,03/08/2022
PETR4,16.91,16.66,17.07,16.98,54387500,918738010.17,04/08/2022
PETR4,16.95,16.93,17.4,17.3,77882600,1342169063.62,05/08/2022
PETR4,17.44,17.43,18.25,18.18,109484600,1967246671.75,08/08/2022
PETR4,18.37,18.29,18.59,18.48,79051200,1457741740.03,09/08/2022
PETR4,18.68,18.17,18.68,18.42,78369600,1441913019.61,10/08/2022
PETR4,18.58,17.99,18.79,17.99,128896500,2358170793.54,11/08/2022
PETR4,17.7,17.68,19.36,19.28,171288300,3204106673.03,12/08/2022
PETR4,18.78,18.58,19.6,19.29,96759000,1852193151.33,15/08/2022
PETR4,19.29,19.16,19.5,19.47,64218800,1244705085.71,16/08/2022
PETR4,19.25,19.22,19.96,19.92,72924700,1439972604.53,17/08/2022
PETR4,20.13,19.99,20.47,20.32,84552500,1709946651.38,18/08/2022
PETR4,20.02,19.05,20.16,19.29,125178200,2446222410.13,19/08/2022
PETR4,19.3,18.53,19.81,19.71,92400300,1781211075.12,22/08/2022
PETR4,19.84,19.84,20.37,20.33,73215800,1479757583.45,23/08/2022
PETR4,20.4,20.22,20.75,20.46,61067900,1254135378.68,24/08/2022
PETR4,20.74,19.87,20.89,20.24,99511600,2016076444.67,25/08/2022
PETR4,20.24,19.81,20.47,20.46,63545400,1279484952.68,26/08/2022
PETR4,20.4,20.34,21.33,20.97,73339500,1538680202.37,29/08/2022
PETR4,20.68,19.62,20.81,19.72,99361100,1987945082.74,30/08/2022
PETR4,19.5,19.35,20.33,20.21,114235400,2288739558.77,31/08/2022
PETR4,20.29,19.92,20.64,20.58,69184700,1405574387.79,01/09/2022
PETR4,20.94,20.23,21.02,20.32,81792300,1683609440.52,02/09/2022
PETR4,20.58,20.16,20.74,20.27,76337600,1554558565.22,05/09/2022
PETR4,19.62,19.16,19.82,19.52,111813500,2175043127.75,06/09/2022
PETR4,19.65,19.09,19.93,19.34,63159800,1228540687.82,08/09/2022
PETR4,19.76,19.28,19.87,19.33,49871900,973616649.84,09/09/2022
PETR4,19.55,19.13,19.9,19.2,71374500,1385666870.75,12/09/2022
PETR4,18.81,18.56,19.12,18.64,88327800,1657498115.47,13/09/2022
PETR4,18.7,18.63,19.11,18.92,49039700,927749280.85,14/09/2022
PETR4,18.8,18.73,18.99,18.89,45553200,858705843.6,15/09/2022
PETR4,18.77,18.45,18.82,18.72,107303600,1999275151.25,16/09/2022
PETR4,18.55,18.17,19.08,19.02,65559900,1232883125.82,19/09/2022
PETR4,19.11,18.75,19.22,18.91,67798200,1287663151.45,20/09/2022
PETR4,19.06,18.78,19.14,18.95,58812200,1113595420.78,21/09/2022
PETR4,19.14,18.87,19.51,19.42,69764300,1338820497.44,22/09/2022
PETR4,19.05,18.1,19.09,18.21,138630800,2548798648.5,23/09/2022
PETR4,18.07,17.76,18.29,17.91,80026100,1437664401.85,26/09/2022
PETR4,18.18,17.94,18.36,18.04,71087600,1288537051.83,27/09/2022
PETR4,18.04,17.38,18.13,17.8,104670700,1857848930.37,28/09/2022
PETR4,17.63,17.39,17.88,17.82,87536500,1545929616.43,29/09/2022
PETR4,17.77,17.63,18.54,18.12,121637100,2208531152.93,30/09/2022
PETR4,19.4,19.25,19.85,19.57,179694100,3515869249.58,03/10/2022
PETR4,20.01,18.89,20.06,19.08,115917200,2241617264.28,04/10/2022
PETR4,19.1,18.97,19.96,19.79,92893700,1822299533.58,05/10/2022
PETR4,20.07,19.73,20.55,20.47,82671900,1667701834.93,06/10/2022
PETR4,20.42,20.2,20.87,20.45,73500100,1508996351.02,07/10/2022
PETR4,20.46,20.07,20.61,20.22,52222600,1059093984.04,10/10/2022
PETR4,20.0,19.83,20.27,20.07,58332400,1170245433.14,11/10/2022
PETR4,19.76,19.71,20.97,20.64,91143900,1864188067.13,13/10/2022
PETR4,20.66,20.25,20.76,20.32,62246100,1274734795.97,14/10/2022
PETR4,20.21,19.97,20.77,20.3,100936400,2057334143.57,17/10/2022
PETR4,20.61,20.16,20.82,20.8,82313200,1685513037.94,18/10/2022
PETR4,20.75,20.69,21.62,21.54,113700900,2418519371.03,19/10/2022
PETR4,21.95,21.75,22.23,22.18,114347400,2513244241.01,20/10/2022
PETR4,22.17,22.13,23.34,22.94,139601400,3203064114.15,21/10/2022
PETR4,22.2,20.82,22.39,20.83,142110900,3058805829.17,24/10/2022
PETR4,20.7,20.19,20.98,20.39,113161200,2326165453.18,25/10/2022
PETR4,19.82,19.4,20.39,19.89,121334800,2420364616.16,26/10/2022
PETR4,19.95,19.87,20.4,20.04,111008800,2231687554.75,27/10/2022
PETR4,19.88,19.37,20.14,19.81,129745400,2572261657.25,28/10/2022
PETR4,18.61,17.73,19.22,18.13,262409400,4810343234.9,31/10/2022
PETR4,18.59,17.98,18.65,18.16,115944200,2110652981.75,01/11/2022
PETR4,18.12,17.9,18.48,18.21,139062100,2527069929.85,03/11/2022
PETR4,18.73,17.14,18.79,17.21,195361000,3470452553.99,04/11/2022
PETR4,17.0,16.46,17.21,16.51,117206600,1969792452.01,07/11/2022
PETR4,16.46,16.27,16.74,16.63,94745400,1566765175.69,08/11/2022
PETR4,16.51,16.2,17.0,16.36,103303500,1706287267.06,09/11/2022
PETR4,15.86,15.57,16.35,15.88,145470100,2313274163.59,10/11/2022
PETR4,15.69,15.63,16.64,16.41,146365800,2349572974.98,11/11/2022
PETR4,16.58,16.47,17.14,16.84,66639500,1124193176.78,14/11/2022
PETR4,16.91,16.38,17.09,16.51,85549900,1422088727.95,16/11/2022
PETR4,16.42,16.14,16.6,16.52,101525800,1660537714.86,17/11/2022
PETR4,16.66,15.94,16.78,16.24,127683500,2068658567.73,18/11/2022
PETR4,16.49,15.84,16.77,16.28,164898100,2684082322.19,21/11/2022
PETR4,15.93,15.44,16.22,16.15,164261300,2599133411.35,22/11/2022
PETR4,15.93,15.79,16.38,16.23,77317300,1249279513.84,23/11/2022
PETR4,16.29,16.1,17.05,16.79,94233800,1574355833.99,24/11/2022
PETR4,16.8,16.34,16.85,16.52,58635900,970620602.64,25/11/2022
PETR4,16.38,16.3,17.0,16.87,56067400,940199759.95,28/11/2022
PETR4,17.03,16.95,17.92,17.57,96151500,1688466124.13,29/11/2022
PETR4,17.73,17.66,18.46,18.46,120774700,2195722431.77,30/11/2022
PETR4,18.4,17.7,18.55,17.72,71259400,1282033400.32,01/12/2022
PETR4,17.79,17.53,18.31,17.94,66301000,1191848167.87,02/12/2022
PETR4,18.0,17.69,18.4,17.74,56065400,1007706109.25,05/12/2022
PETR4,17.88,17.6,18.27,17.75,74991200,1338975281.19,06/12/2022
PETR4,17.55,17.5,18.05,17.55,57008400,1014380262.33,07/12/2022
PETR4,17.69,17.06,17.86,17.16,55567700,967180950.34,08/12/2022
PETR4,17.3,16.96,17.35,17.11,61586200,1055298473.61,09/12/2022
PETR4,17.02,16.02,17.08,16.56,111293100,1825244275.23,12/12/2022
PETR4,16.69,16.14,16.76,16.15,102533100,1679593928.09,13/12/2022
PETR4,15.58,14.38,15.65,14.87,319501600,4766199126.91,14/12/2022
PETR4,14.54,14.42,15.49,15.26,132385600,2001097855.23,15/12/2022
PETR4,15.21,14.89,15.31,15.27,90767300,1374007367.04,16/12/2022
PETR4,15.3,14.98,15.59,15.5,63074100,968538175.73,19/12/2022
PETR4,15.5,15.38,16.09,15.97,71875500,1136010514.91,20/12/2022
PETR4,16.27,15.82,16.42,16.32,74252800,1199039653.14,21/12/2022
PETR4,16.55,16.41,17.01,16.61,81894800,1362252498.4,22/12/2022
PETR4,16.71,16.71,17.46,17.39,68387900,1176005793.99,23/12/2022
PETR4,17.39,17.19,17.52,17.27,28765200,497102845.06,26/12/2022
PETR4,17.48,17.0,17.53,17.39,50803200,875742769.93,27/12/2022
PETR4,17.38,17.14,17.53,17.17,57293500,991875752.6,28/12/2022
PETR4,17.3,16.92,17.35,16.96,57901800,986570243.88,29/12/2022
PETR4,16.3,15.79,16.49,15.87,78424700,1254263997.4,02/01/2023
PETR4,15.88,15.32,16.0,15.47,96750300,1503039636.64,03/01/2023
PETR4,15.21,15.12,16.34,15.96,129504000,2052669231.86,04/01/2023
PETR4,16.16,16.03,16.65,16.54,73886000,1210992592.44,05/01/2023
PETR4,16.58,16.31,16.84,16.44,51851500,856299275.27,06/01/2023
PETR4,16.27,16.1,16.62,16.53,46385200,763538985.68,09/01/2023
PETR4,16.58,16.18,16.69,16.68,52741100,868918655.96,10/01/2023
PETR4,16.72,16.65,17.05,16.81,53536500,901117120.71,11/01/2023
PETR4,16.82,16.69,17.07,17.05,58130000,984037610.92,12/01/2023
PETR4,16.92,16.79,17.08,17.01,40002700,677846682.6,13/01/2023
PETR4,16.9,16.5,16.96,16.65,31973700,533206311.04,16/01/2023
PETR4,16.69,16.69,17.74,17.67,91797500,1591319910.79,17/01/2023
PETR4,17.89,17.31,18.02,17.36,69692900,1230418589.94,18/01/2023
PETR4,17.31,17.17,17.97,17.89,75553300,1337175725.52,19/01/2023
PETR4,17.93,17.6,18.42,18.26,114219500,2058081942.86,20/01/2023
PETR4,18.19,18.09,19.11,18.55,87678100,1643858322.96,23/01/2023
PETR4,19.02,18.26,19.06,18.42,65794000,1220619298.76,24/01/2023
PETR4,18.38,18.01,18.75,18.65,51832900,955517929.9,25/01/2023
PETR4,18.76,17.86,18.83,18.14,73344800,1335921377.45,26/01/2023
PETR4,18.13,17.62,18.16,17.74,47681900,849298501.45,27/01/2023
PETR4,17.9,17.66,18.05,17.83,40683200,724901172.26,30/01/2023
PETR4,17.75,17.67,18.15,18.05,54048900,969858416.02,31/01/2023
PETR4,18.05,17.62,18.34,17.8,56349200,1010319796.02,01/02/2023
PETR4,17.66,16.91,17.87,16.98,83823000,1450640539.16,02/02/2023
PETR4,16.99,16.91,17.57,17.17,71170700,1228103153.42,03/02/2023
PETR4,17.22,17.14,17.91,17.85,82794500,1455143531.02,06/02/2023
PETR4,17.94,17.63,18.1,17.74,55311800,986229554.91,07/02/2023
PETR4,17.86,17.7,18.11,18.04,48713100,872023830.44,08/02/2023
PETR4,18.04,17.86,18.22,17.95,38198300,689023445.31,09/02/2023
PETR4,17.99,17.95,18.55,18.5,54683100,1003409034.06,10/02/2023
PETR4,18.48,18.26,18.62,18.56,36726900,678446230.51,13/02/2023
PETR4,18.59,18.42,18.74,18.49,35839000,664079467.13,14/02/2023
PETR4,18.4,18.21,18.56,18.52,72554100,1335287112.87,15/02/2023
PETR4,18.42,18.34,18.66,18.59,44115700,818055897.71,16/02/2023
PETR4,18.47,18.26,18.47,18.31,61085700,1121771740.73,17/02/2023
PETR4,18.0,17.79,18.08,17.84,38608500,692092090.32,22/02/2023
PETR4,17.84,17.84,18.55,18.38,73913400,1354230881.91,23/02/2023
PETR4,18.47,17.91,18.49,17.98,64409100,1168054711.81,24/02/2023
PETR4,17.89,17.87,18.52,18.11,76250600,1389909631.8,27/02/2023
PETR4,18.15,17.48,18.64,17.48,130248100,2337737859.62,28/02/2023
PETR4,17.53,16.75,17.61,17.52,109257700,1874128610.48,01/03/2023
PETR4,17.6,16.87,17.77,17.06,124516200,2151256402.74,02/03/2023
PETR4,17.19,16.93,17.82,17.8,87591800,1526389358.85,03/03/2023
PETR4,17.8,17.57,18.09,17.98,50227400,897827016.62,06/03/2023
PETR4,17.81,17.26,17.85,17.38,59052500,1036098122.36,07/03/2023
PETR4,17.41,17.4,17.95,17.6,66220400,1168197393.82,08/03/2023
PETR4,17.55,17.5,18.16,17.53,68042300,1211727523.39,09/03/2023
PETR4,17.42,17.27,17.71,17.3,48118600,839616939.65,10/03/2023
PETR4,17.0,16.69,17.21,16.75,58605500,991290560.97,13/03/2023
PETR4,16.81,16.34,17.12,16.45,58916700,984549628.67,14/03/2023
PETR4,16.15,15.79,16.26,16.16,93708800,1502792718.76,15/03/2023
PETR4,16.2,15.91,16.29,16.11,66821000,1076901646.13,16/03/2023
PETR4,16.0,15.83,16.28,16.28,93502700,1508915474.55,17/03/2023
PETR4,16.28,15.85,16.38,15.88,57575200,922233045.31,20/03/2023
PETR4,16.06,15.98,16.34,16.2,43391200,703365610.59,21/03/2023
PETR4,16.2,15.95,16.36,16.15,46435600,750604717.57,22/03/2023
PETR4,16.18,15.64,16.39,15.79,74711200,1193412158.15,23/03/2023
PETR4,15.73,15.57,16.02,15.78,52556800,831348246.71,24/03/2023
PETR4,16.0,15.81,16.18,16.05,39148700,626457436.76,27/03/2023
PETR4,16.08,16.03,16.37,16.33,29091100,472435941.05,28/03/2023
PETR4,16.42,16.25,16.65,16.55,49148600,808833936.24,29/03/2023
PETR4,16.79,16.4,16.81,16.6,56116900,929422491.36,30/03/2023
PETR4,16.62,16.07,16.77,16.24,59547800,975670476.41,31/03/2023
PETR4,16.68,16.48,16.96,16.96,73931200,1239624318.63,03/04/2023
PETR4,17.05,16.69,17.14,16.81,57505700,970247110.2,04/04/2023
PETR4,16.75,16.11,16.99,16.86,93626400,1551766748.03,05/04/2023
PETR4,16.85,16.58,16.91,16.62,29565400,494510790.0,06/04/2023
PETR4,16.64,16.64,17.08,16.97,41455900,701529522.68,10/04/2023
PETR4,17.1,17.05,17.8,17.77,80565000,1410659763.16,11/04/2023
PETR4,17.99,17.44,18.11,17.9,71563400,1277798101.5,12/04/2023
PETR4,17.9,17.86,18.07,18.02,38852800,698499760.03,13/04/2023
PETR4,17.86,17.81,18.28,18.21,38421100,696753776.77,14/04/2023
PETR4,18.17,18.15,18.56,18.49,49427100,911416458.11,17/04/2023
PETR4,18.49,18.36,19.13,18.97,99478800,1876587326.58,18/04/2023
PETR4,18.81,18.31,18.91,18.36,73217800,1359365294.51,19/04/2023
PETR4,18.36,18.2,18.68,18.48,54738400,1011654633.56,20/04/2023
PETR4,18.42,18.35,18.88,18.83,43820900,819949962.6,24/04/2023
PETR4,18.81,18.5,19.04,18.76,53854100,1009592970.73,25/04/2023
PETR4,18.78,18.52,18.85,18.52,40249400,749784871.1,26/04/2023
PETR4,18.59,17.94,18.82,18.07,115632700,2114087347.47,27/04/2023
PETR4,18.33,17.98,18.68,18.41,81138500,1490289596.09,28/04/2023
PETR4,18.41,17.59,18.44,17.66,67911100,1209589511.23,02/05/2023
PETR4,17.55,17.41,17.86,17.6,51133700,902671023.28,03/05/2023
PETR4,17.78,17.56,18.16,17.88,57854400,1033569541.99,04/05/2023
PETR4,18.1,18.0,18.77,18.64,83365200,1538208332.1,05/05/2023
PETR4,18.99,18.8,19.13,18.98,59352300,1127625878.96,08/05/2023
PETR4,18.96,18.83,19.26,19.1,33978200,648276208.99,09/05/2023
PETR4,19.1,18.9,19.28,19.05,41500700,791887128.61,10/05/2023
PETR4,18.74,18.59,19.79,19.75,136878100,2627482357.83,11/05/2023
PETR4,19.87,19.79,20.77,20.39,117237500,2384275316.84,12/05/2023
PETR4,20.24,19.73,20.31,19.93,81996700,1634646530.79,15/05/2023
PETR4,20.28,20.26,21.0,20.43,117782700,2425737773.74,16/05/2023
PETR4,20.66,19.81,20.79,19.93,107129200,2157803975.34,17/05/2023
PETR4,19.88,19.69,20.08,20.05,63010500,1252016787.71,18/05/2023
PETR4,20.26,19.92,20.34,20.13,69245500,1394045847.21,19/05/2023
PETR4,20.1,19.81,20.2,19.9,38010200,758218260.63,22/05/2023
PETR4,19.92,19.82,20.53,20.39,58285300,1185215617.39,23/05/2023
PETR4,20.39,20.23,20.89,20.7,54796400,1128799513.38,24/05/2023
PETR4,20.82,20.34,20.85,20.54,49182700,1013057572.82,25/05/2023
PETR4,20.82,20.61,20.9,20.82,39866600,828386845.78,26/05/2023
PETR4,20.78,20.63,20.83,20.73,17977100,372582449.06,29/05/2023
PETR4,20.75,20.4,20.82,20.5,45736700,939897419.37,30/05/2023
PETR4,20.4,20.09,20.47,20.29,49207600,999979715.83,31/05/2023
PETR4,20.43,20.32,20.97,20.95,63148200,1312998149.62,01/06/2023
PETR4,21.31,21.06,21.44,21.11,39919300,847172145.67,02/06/2023
PETR4,21.39,21.15,21.41,21.34,39321700,837131278.4,05/06/2023
PETR4,21.32,21.14,21.94,21.79,75426600,1630639099.46,06/06/2023
PETR4,22.25,22.08,22.57,22.42,82330400,1841760421.2,07/06/2023
PETR4,22.6,22.54,23.61,23.52,80442400,1866774090.76,09/06/2023
PETR4,23.47,23.33,24.07,23.93,119350400,2827121330.02,12/06/2023
PETR4,24.12,23.58,24.12,23.8,79174900,1881921923.86,13/06/2023
PETR4,23.87,23.82,24.82,24.82,98326000,2410994805.08,14/06/2023
PETR4,24.91,24.15,25.44,24.24,120579500,2987131598.9,15/06/2023
PETR4,24.11,23.95,24.68,24.45,94572000,2308763779.31,16/06/2023
PETR4,24.44,24.37,25.12,25.09,34573900,860686340.31,19/06/2023
PETR4,24.99,24.66,25.36,25.21,55605300,1393554025.66,20/06/2023
PETR4,25.51,25.44,26.39,26.27,89294300,2327599515.1,21/06/2023
PETR4,25.95,25.63,26.14,25.94,43455800,1123120952.34,22/06/2023
PETR4,25.73,24.65,25.8,24.87,76023400,1908889394.71,23/06/2023
PETR4,24.84,24.84,25.61,25.44,53635000,1358413104.19,26/06/2023
PETR4,25.51,25.02,25.73,25.24,48399600,1224325526.77,27/06/2023
PETR4,25.22,25.2,25.72,25.48,36794600,938158783.48,28/06/2023
PETR4,25.57,25.37,25.72,25.64,32071800,820864598.37,29/06/2023
PETR4,25.57,24.18,25.63,24.35,104262900,2573002637.69,30/06/2023
PETR4,24.51,24.51,24.89,24.81,31266900,773751865.83,03/07/2023
PETR4,24.71,24.71,25.06,24.87,18308000,455853335.75,04/07/2023
PETR4,24.87,24.46,25.2,24.83,53585500,1328537715.65,05/07/2023
PETR4,24.62,24.04,24.74,24.45,47685700,1161395462.2,06/07/2023
PETR4,24.54,24.21,24.91,24.33,55533500,1359522768.12,07/07/2023
PETR4,24.01,23.93,24.47,24.37,25590200,622329112.41,10/07/2023
PETR4,24.35,23.92,24.35,24.04,40877000,984012118.08,11/07/2023
PETR4,24.08,24.03,24.55,24.06,40181800,972408902.62,12/07/2023
PETR4,23.98,23.95,24.51,24.44,35886500,873209596.94,13/07/2023
PETR4,24.33,23.8,24.4,23.96,34451100,827181917.96,14/07/2023
PETR4,23.43,23.05,23.99,23.91,52160800,1227891642.47,17/07/2023
PETR4,23.92,23.68,24.08,23.78,35640400,850074279.61,18/07/2023
PETR4,23.76,23.56,24.02,24.0,46517700,1108408885.87,19/07/2023
PETR4,23.98,23.82,24.21,24.02,33177100,797208391.43,20/07/2023
PETR4,24.04,24.02,24.63,24.48,52059200,1272682674.92,21/07/2023
PETR4,24.58,24.54,25.08,24.99,45268100,1127576323.15,24/07/2023
PETR4,25.15,24.91,25.61,25.57,56261000,1425553235.84,25/07/2023
PETR4,25.53,25.26,25.75,25.57,45880200,1168394362.13,26/07/2023
PETR4,25.44,24.23,25.48,24.24,86471900,2140387517.69,27/07/2023
PETR4,24.27,24.18,24.7,24.54,43608600,1067381309.85,28/07/2023
PETR4,24.99,24.99,25.69,25.66,91290800,2322578875.18,31/07/2023
PETR4,25.64,24.7,25.64,25.24,75752400,1904389952.85,01/08/2023
PETR4,25.16,24.58,25.22,25.18,62068400,1546166221.37,02/08/2023
PETR4,25.51,25.25,25.67,25.5,57304400,1459063699.44,03/08/2023
PETR4,25.32,24.53,25.68,24.74,120685800,3013259178.07,04/08/2023
PETR4,24.63,24.63,25.15,24.9,44984900,1119923942.75,07/08/2023
PETR4,24.67,24.51,25.06,24.92,34771300,863185856.12,08/08/2023
PETR4,24.92,24.87,25.34,25.12,48561500,1220525502.82,09/08/2023
PETR4,24.99,24.84,25.45,25.26,54020200,1364128170.66,10/08/2023
PETR4,25.25,24.87,25.6,25.2,39403200,994383181.87,11/08/2023
PETR4,25.14,24.97,25.35,25.27,27992700,704752417.17,14/08/2023
PETR4,26.43,25.44,26.52,25.45,87366200,2273753685.39,15/08/2023
PETR4,25.57,25.47,26.38,26.01,74461000,1943453846.22,16/08/2023
PETR4,26.19,25.82,26.55,25.93,57570600,1508092518.63,17/08/2023
PETR4,25.91,25.72,26.13,26.0,45579700,1182151226.1,18/08/2023
PETR4,26.14,25.54,26.42,25.81,42236900,1094032234.71,21/08/2023
PETR4,26.06,25.84,26.16,26.16,31372200,816489254.0,22/08/2023
PETR4,26.66,26.57,27.55,27.55,95507400,2596732205.05,23/08/2023
PETR4,27.58,27.21,27.96,27.51,49332300,1361586627.07,24/08/2023
PETR4,27.67,27.17,27.75,27.32,34079000,933509587.22,25/08/2023
PETR4,27.43,27.23,27.64,27.63,24956100,685938143.6,28/08/2023
PETR4,27.69,27.34,27.77,27.69,40607500,1118827265.11,29/08/2023
PETR4,27.7,27.6,27.94,27.88,34637900,962508142.38,30/08/2023
PETR4,27.95,27.24,28.02,27.29,48971500,1347068482.7,31/08/2023
PETR4,27.53,27.31,27.94,27.88,50089200,1385365210.99,01/09/2023
PETR4,27.93,27.53,27.96,27.59,21667400,600267318.11,04/09/2023
PETR4,27.58,27.53,28.62,28.52,75082900,2117705811.76,05/09/2023
PETR4,28.5,28.39,28.88,28.64,57856500,1657553606.06,06/09/2023
PETR4,28.61,28.42,28.77,28.54,39074100,1115970151.21,08/09/2023
PETR4,28.6,28.48,28.79,28.52,30276200,865658355.38,11/09/2023
PETR4,28.67,28.62,28.87,28.65,31963000,918519893.42,12/09/2023
PETR4,28.76,28.23,28.8,28.23,47685700,1358006714.38,13/09/2023
PETR4,28.29,28.29,29.05,28.94,46502100,1339982794.81,14/09/2023
PETR4,28.94,28.72,29.05,28.96,54801500,1583499476.04,15/09/2023
PETR4,29.05,28.93,29.66,29.17,52363400,1534561121.62,18/09/2023
PETR4,29.23,29.11,29.58,29.23,43247200,1270367291.04,19/09/2023
PETR4,29.18,29.06,29.58,29.3,39102300,1148586683.36,20/09/2023
PETR4,29.05,28.74,29.3,28.85,60109400,1743621483.71,21/09/2023
PETR4,29.07,28.89,29.22,29.08,31020500,902310446.44,22/09/2023
PETR4,29.01,28.99,29.34,29.27,26767200,780684192.2,25/09/2023
PETR4,29.05,28.59,29.13,28.59,60687500,1749558232.56,26/09/2023
PETR4,28.94,28.87,29.5,29.5,53708700,1568752815.94,27/09/2023
PETR4,29.44,29.23,29.52,29.44,30765000,903458313.01,28/09/2023
PETR4,29.48,29.27,29.64,29.6,40227600,1185741880.74,29/09/2023
PETR4,29.52,28.99,29.71,29.16,34403400,1006041627.03,02/10/2023
PETR4,29.03,28.74,29.25,29.03,37947300,1100714088.46,03/10/2023
PETR4,28.71,27.68,28.81,27.88,88895900,2494397156.3,04/10/2023
PETR4,27.78,27.59,28.15,27.97,35342000,984044862.41,05/10/2023
PETR4,27.86,27.63,28.9,28.64,48132800,1363041866.55,06/10/2023
PETR4,29.18,29.14,29.98,29.87,77528400,2299647261.11,09/10/2023
PETR4,29.82,29.69,30.2,30.09,48326500,1449795585.32,10/10/2023
PETR4,30.03,29.47,30.12,30.01,41578500,1240448233.95,11/10/2023
PETR4,30.58,30.58,31.07,31.0,66943700,2068545809.66,13/10/2023
PETR4,31.11,30.73,31.45,31.34,49626600,1547914997.16,16/10/2023
PETR4,31.36,31.3,32.19,32.19,68814800,2194675918.09,17/10/2023
PETR4,32.46,32.4,32.99,32.92,85931700,2812657414.89,18/10/2023
PETR4,32.78,32.4,32.87,32.76,56016600,1828884332.45,19/10/2023
PETR4,33.06,31.95,33.21,32.34,66242400,2146044112.79,20/10/2023
PETR4,31.27,30.13,31.45,30.21,104499100,3217905949.64,23/10/2023
PETR4,30.46,30.05,30.93,30.66,78634900,2400417197.23,24/10/2023
PETR4,30.83,30.55,31.0,30.82,32846500,1010921640.43,25/10/2023
PETR4,30.64,30.04,30.7,30.51,47858600,1449678903.95,26/10/2023
PETR4,30.94,30.05,31.16,30.29,45843100,1395613956.89,27/10/2023
PETR4,30.4,29.79,30.52,29.98,31346900,940573465.23,30/10/2023
PETR4,29.92,29.47,30.06,29.69,36965200,1098946592.3,31/10/2023
PETR4,29.93,29.82,30.37,30.01,46335300,1394311930.87,01/11/2023
PETR4,30.58,29.95,30.67,30.37,30959700,939100832.2,03/11/2023
PETR4,30.54,30.35,30.87,30.35,33583600,1027107365.91,06/11/2023
PETR4,29.97,29.62,30.27,29.84,48919900,1459687307.98,07/11/2023
PETR4,29.57,28.98,29.74,29.2,59742900,1748520668.98,08/11/2023
PETR4,29.48,29.36,30.04,29.81,56231100,1671783976.67,09/11/2023
PETR4,29.62,29.49,29.96,29.67,40004800,1189581584.05,10/11/2023
PETR4,29.64,29.63,30.55,30.5,44120000,1335426070.35,13/11/2023
PETR4,30.5,30.33,30.97,30.92,50888600,1560712141.54,14/11/2023
PETR4,30.75,30.34,31.18,30.38,72361200,2214878779.18,16/11/2023
PETR4,30.62,30.61,31.55,31.37,87666300,2737954924.38,17/11/2023
PETR4,31.42,30.99,31.81,31.4,67796900,2132955780.7,20/11/2023
PETR4,31.23,30.69,31.23,31.19,49597800,1537303287.19,21/11/2023
PETR4,30.91,30.34,31.14,31.14,58578300,1803945582.31,22/11/2023
PETR4,31.11,30.83,31.22,31.15,24068100,747864234.53,23/11/2023
PETR4,30.98,30.74,31.73,31.24,53456200,1669209409.3,24/11/2023
PETR4,31.0,30.78,31.35,31.06,36996000,1147892749.14,27/11/2023
PETR4,31.15,31.13,31.55,31.53,36875900,1157749625.0,28/11/2023
PETR4,31.8,30.95,31.91,31.2,37528600,1172808158.43,29/11/2023
PETR4,31.41,31.21,31.81,31.81,58808800,1861045013.85,30/11/2023
PETR4,31.64,31.47,31.89,31.59,36388100,1152567221.68,01/12/2023
PETR4,31.39,30.87,31.49,30.92,35601900,1107424798.86,04/12/2023
PETR4,30.93,30.72,31.15,30.78,43234200,1334996537.33,05/12/2023
PETR4,30.6,29.67,30.82,29.67,64179200,1929952908.8,06/12/2023
PETR4,29.8,29.26,30.27,29.6,64723900,1923278066.08,07/12/2023
PETR4,29.86,29.65,30.59,30.55,53290700,1609748701.35,08/12/2023
PETR4,30.52,30.33,30.72,30.43,30613300,934182381.37,11/12/2023
PETR4,30.6,29.94,30.65,30.18,30371500,914845249.08,12/12/2023
PETR4,30.3,30.24,30.66,30.62,38992900,1187945885.02,13/12/2023
PETR4,31.0,30.86,31.65,31.28,57950000,1812384094.34,14/12/2023
PETR4,31.25,31.0,31.7,31.35,56570100,1772353479.18,15/12/2023
PETR4,31.66,31.51,32.15,31.74,44474300,1417842998.9,18/12/2023
PETR4,31.85,31.72,32.11,32.11,32183000,1028313946.67,19/12/2023
PETR4,32.21,32.14,32.54,32.22,38947900,1258715802.81,20/12/2023
PETR4,32.48,31.95,32.49,32.23,30511900,983682779.55,21/12/2023
PETR4,32.33,32.21,32.59,32.54,31234700,1013546011.66,22/12/2023
PETR4,32.65,32.62,33.1,33.06,23466800,772652457.19,26/12/2023
PETR4,33.05,32.89,33.15,33.09,19588500,647072492.82,27/12/2023
PETR4,32.97,32.81,33.09,32.98,21421900,706630311.65,28/12/2023
